1,mcolloff0@sciencedaily.com,cQ6'v(jZ+{nq$,jcowill0
2,hwadge1@senate.gov,"yP7~J=%y,Z",jdudny1
3,mborrows2@dion.ne.jp,oI9$hg7b,eoffa2
4,egilchrist3@google.pl,"wK2+'fd""pTKAw!",aridgeway3
5,dudall4@tinyurl.com,pP6<y9hW~ms},mhagyard4
6,doseland5@bbc.co.uk,bT7!wB$ZH~f?Y@1|,fokroy5
7,fpitcaithley6@scientificamerican.com,qK4/$)oX,dmackereth6
8,jmaclise7@reference.com,fN9#`xdcQ.zF8},palberti7
9,jgudgeon8@house.gov,uH7$P$I.Y*6aH.,rnettleship8
10,abellamy9@vimeo.com,oT0_vli'x6u*1GC,mingyon9
11,mjoyea@alexa.com,"lY3|$)lMB,\x,=",tbeetlesa
12,rgerritsmab@paginegialle.it,nJ3@Cx#(J|$F7,bdrillingcourtb
13,soolahanc@eventbrite.com,gX1_>MqP_,bcollc
14,chardistyd@fc2.com,fL2@OhaMywv,cbentjed
15,omaccallestere@craigslist.org,wL2~V<j+3,rheadleye
16,gmusickaf@123-reg.co.uk,"qM5!I{X,hgv_",rlaughlanf
17,kayllettg@google.com.br,oW7#RP?X{y,drobkeng
18,korrickh@trellian.com,pB4|UA6Q5R,mruusah
19,lkynderi@blog.com,"bJ0|)N`)%""<{K",hdebellisi
20,pchoudhuryj@timesonline.co.uk,"tC5{@&w(`8b|,e)6",pphytheanj
21,hcordeuxk@prnewswire.com,"hF3"">aDis+DB`h`\",acouchak
22,aannablel@tinypic.com,"hJ7_W""f~\q",adeftyl
23,jbristerm@economist.com,pE7`zy`g8L3szVPB,dgreatlandm
24,lvoletn@behance.net,wL0|BY<j%G,thattn
25,ljarlmanno@senate.gov,mG6&EhIC=(rXX2D5,apalmero
26,bmcterryp@jiathis.com,pX3%XJs@>,bmossbeep
27,hbiestyq@senate.gov,vO6.l*64H,eameerbegq
28,mfortmanr@devhub.com,wC9{Vt6txheh,dcasonr
29,poxburghs@thetimes.co.uk,iH2|bgS'd9/>{A,kbricks
30,waldersont@goo.gl,uB5*~AG{4SL9(,dosheat
31,ksheeringu@lycos.com,tU3\MUdHXT,rstreatu
32,iwrightsonv@accuweather.com,"vT7,U*z#o,.=jdD",agoodreadv
33,cgrangew@marketwatch.com,"gH7,bC?|PPx2R4.8",dwhitneyw
34,gwynex@1688.com,"pL9="">+<~=s'Ff",epirrix
35,agorstidgey@bravesites.com,bN8=}~$P,cisgary
36,dquakleyz@flavors.me,"jU5'lb.K!@S9S,",bsingyardz
37,pmatthensen10@adobe.com,oU1`7%p*<'0,lpeplay10
38,nborzoni11@abc.net.au,"iU9,RRS_gr1C10x)",fwilkenson11
39,jhowship12@illinois.edu,fW1<VCI0&mPe,jdailey12
40,hgalle13@smugmug.com,jE1`y0qw(SuW,gcrowter13
41,sgiral14@wiley.com,"cM2.76q/C4bl3x""a",gblencoe14
42,fbaiss15@cmu.edu,zI3<y}&\>yq#,wchatt15
43,mcreser16@illinois.edu,kW7(J$Yx4i#%,gwalles16
44,sprescote17@unesco.org,sJ6()%7X1p37g<b,lpietrowski17
45,pmckernon18@pbs.org,uJ3|<rN.*JG,ireinmar18
46,htod19@businessinsider.com,vG2%7_F*a!)#m,ckingston19
47,jchastney1a@senate.gov,"pV9""Bu=MXCu0KG",acabena1a
48,esmurthwaite1b@php.net,iD2~hRRqL3pRaO#|,abamb1b
49,kroffe1c@dot.gov,zT5@(i6W,pzarfat1c
50,snassi1d@ning.com,aY5/OU8EKKnNp~,falthrope1d
51,kvinnick1e@china.com.cn,lC5~+56\2o0iDY+g,sdigle1e
52,vhateley1f@instagram.com,yW2{_Hh2}TT1qnt,emourgue1f
53,tledwith1g@blogspot.com,"vZ0{,'iU7}o5",bcaudwell1g
54,jyakobovitz1h@google.pl,kX1_eouy}ma)$}6|,calexsandrovich1h
55,tcockitt1i@google.fr,"kL3}&,#9~9`&",chellwich1i
56,dcarp1j@oracle.com,"jX9""$DK""(4m",gshinton1j
57,aschirok1k@symantec.com,"gF6&0tZ,Izo}I",pcrosgrove1k
58,mmulryan1l@prnewswire.com,"sU5""G!c+#L!",fcreek1l
59,nschnitter1m@barnesandnoble.com,kE2?wJ7awmHI},gcalbert1m
60,fhessay1n@cbsnews.com,mH6*8})1f/,mhoult1n
61,jargrave1o@upenn.edu,xP9?3i}/{Oq(>E@,kcargill1o
62,mgrinyov1p@opera.com,"nJ3~*4jJ""V4D",jpesak1p
63,dhadland1q@accuweather.com,dI7<TUxS,kgabbetis1q
64,glevington1r@cnn.com,dV5>uO=8,acornelis1r
65,mdilucia1s@jigsy.com,zV2_`WOaKJ5,rrayworth1s
66,mmatijevic1t@yandex.ru,"bX4/AeFr&""3",cmoulding1t
67,woughtright1u@marketwatch.com,oU5'|AS\6WF.rXF,jgillibrand1u
68,llivick1v@webs.com,"pT7+gVJG8)?""=H>",btortice1v
69,cvayne1w@spiegel.de,xV4@Abk$j!'G,ffookes1w
70,rbourget1x@google.de,aI2>keFj)/rM7m$p,gpentycross1x
71,ksoles1y@toplist.cz,eR4+2.ct%o%,dramirez1y
72,btourner1z@hc360.com,"dR0|W+jE""",twriter1z
73,sbarosch20@yahoo.co.jp,jY8`HzY?buGK./,lsussans20
74,dmorfey21@tripadvisor.com,kE1>gG&0/3U0rS8,goxterby21
75,ccarp22@comsenz.com,lW6&#|nO3,scroll22
76,rthorneley23@cnn.com,aS3_rr_>Xe+$,kschachter23
77,mgarfield24@exblog.jp,vM8|g)A|D!*,gbiagini24
78,ghaller25@pen.io,xK8*%}RdVQh@E,aseagood25
79,rbrea26@sciencedaily.com,pT3|3FQG0k0>=B,rlorence26
80,bsimnor27@aboutads.info,eB2)@gmxt'$y?i,kbrogan27
81,igoodburn28@sohu.com,iL6>uF(%JOG*k@4,vstirland28
82,cscamp29@wordpress.org,uK7`C}R\'bs\,eeldridge29
83,ctrunby2a@cbsnews.com,rX6#|bDE,graymond2a
84,alyford2b@opera.com,"hI8}g""=??)2",ocarme2b
85,mbril2c@webeden.co.uk,"gL9,L3z4T",dgethings2c
86,mmil2d@free.fr,tS1)h`}U.B/,bgoodered2d
87,rcarrier2e@mac.com,sH3<+G*<a6WkrqS,mgeorgel2e
88,iwernham2f@wisc.edu,"aU3,K0Aru2I+o",edonati2f
89,gcattermoul2g@aol.com,xF3|O71wb!Qedu,ehemms2g
90,pbullingham2h@dion.ne.jp,"eF4~w@7d/c"".@%t",tdransfield2h
91,sdonohoe2i@51.la,gN4'V\cgEp,lciobotaru2i
92,mprestwich2j@trellian.com,oB7=a}ny2,ggillogley2j
93,sgyse2k@mapy.cz,jT1$!'yhN,kbeadon2k
94,sbridgestock2l@latimes.com,cO6+ql8VR,tclemerson2l
95,dcrummie2m@furl.net,uS5!5`+zPz$)1',bcanas2m
96,kbedward2n@bluehost.com,tM2>}AJ'khL`i25p,creeveley2n
97,cwhitlaw2o@thetimes.co.uk,rS6&TZScg\&/v|A,akleszinski2o
98,gvanoord2p@naver.com,pP5)q<!Rza2,nturtle2p
99,mcarragher2q@mlb.com,dY2&vp0G,sredgewell2q
100,sdegnen2r@reference.com,zX1#WfHe,mwhimp2r
101,alarmett2s@blogs.com,wP5$e&?b1oNT,ewoolfitt2s
102,klynam2t@1und1.de,"rK3,,Y1`$RFUf",ksymper2t
103,ccoggan2u@behance.net,lT4_#*$uu,blefeuvre2u
104,mpatten2v@exblog.jp,"uF1"")JPen3Hw3&",gluxford2v
105,mhuncoot2w@mapy.cz,"tE5',Jm$U7'|A",mgraham2w
106,cgreasty2x@t-online.de,eE7*=hoIf8(B,adowbiggin2x
107,dwrates2y@irs.gov,cS5/Q19}46YT#,hbartalot2y
108,ssnodden2z@opensource.org,hX0$&kzWauF,lfleis2z
109,tconcklin30@mapquest.com,cN2'~uvI)tYZ4e.f,mjewson30
110,svickarman31@nationalgeographic.com,vU0%j4k=KQ`X'W,fwithur31
111,mmorshead32@prnewswire.com,yB4~.LF`wa>,gbilbie32
112,bkornas33@macromedia.com,"sW6(&|b""",pclayill33
113,zderuel34@163.com,wF1?xBRSf!r,cattrie34
114,cbignall35@macromedia.com,jE4\98Mh,ssmail35
115,ogasnoll36@rediff.com,bK8#8.G)}88jKM8,kfraanchyonok36
116,cmcnulty37@reverbnation.com,iM6@)q'b,gyashanov37
117,mcordery38@state.gov,hM1'nkA?E`m,mkynforth38
118,bbonick39@ovh.net,bY4|M'QRS#js&i=/,mfrere39
119,agianneschi3a@nymag.com,cS1+|=UI+tt6L'V,hhaws3a
120,yeliaz3b@symantec.com,kM7}em#lNdhgP,evatcher3b
121,cboult3c@elegantthemes.com,tB3#Cz_MJ,cschiersch3c
122,vwye3d@360.cn,zV1\7ppz=U{,kolone3d
123,hericssen3e@census.gov,mX3\EUUu*vCi,sgreader3e
124,pmessier3f@desdev.cn,"rY2#Noa2A""pR",iglynn3f
125,bwallworth3g@hubpages.com,oY6#8?Ist/%zYw,wdymidowski3g
126,gchetwynd3h@dmoz.org,"kH2}<B=mamb%A,",ameron3h
127,fdow3i@vkontakte.ru,yO1{yig%sWN&T),sgundrey3i
128,dhumphrey3j@epa.gov,"zD0""(JxR5>9PS+",lmccarney3j
129,mstratiff3k@google.nl,kW8$wOG7{'l5,afasson3k
130,wmattiazzi3l@amazon.de,aZ4$=s+I)L.SqrC,sbrunetti3l
131,cheintsch3m@comsenz.com,uJ1{0T%}vDWOoU,lguirard3m
132,gbellerby3n@histats.com,uO1/e*NU#~aH,kdanbury3n
133,cmurkitt3o@cam.ac.uk,cA2}Ac0jl_}1N$u,fmoriarty3o
134,kselwood3p@huffingtonpost.com,"cO2/F,xKplq8",cjakuszewski3p
135,mvigne3q@google.co.uk,"wE7,G|\m}9F4",sfrontczak3q
136,mkerss3r@uol.com.br,"lK7{0>cx""HB20G6!",eschottli3r
137,pgjerde3s@bloglines.com,zQ1>w)2s{e>&u,jollington3s
138,mbending3t@ask.com,gB8'0/sLd`||ZA*',jtincombe3t
139,mwhild3u@fotki.com,oM2=mYuVQJ..dwZ,csambedge3u
140,aniese3v@independent.co.uk,lD6'4LiZ=UYGg,rewart3v
141,mmethingam3w@dot.gov,rF7={<5+=I=,gstoaks3w
142,jdomke3x@last.fm,"sL6++DjE""IL+8",ldreghorn3x
143,ssweetmore3y@ow.ly,"aI4&&~R,9cu",nboulstridge3y
144,bnutkin3z@google.nl,"rG5""7!<be",lrenad3z
145,ihuffadine40@prnewswire.com,"kT4<I``""%#\",cmcgloin40
146,mwolvey41@ox.ac.uk,"nU8\6!=.,5@&?BU",sdrogan41
147,mguise42@springer.com,vV0<LAE~B)o|,ngriffoen42
148,zstuther43@fda.gov,jV9?m3Zt_2Ex@,cginty43
149,mtedder44@aboutads.info,nW1@u8.VId)!c,xpattillo44
150,jpassion45@google.it,dT1|p+.+&&bl9yp,kledley45
151,ybineham46@ucoz.ru,cX5%eH)}m,ybatkin46
152,fdelamaine47@geocities.com,rF2)F4!4s,ctrethewey47
153,wgloyens48@java.com,dL9)#K4daf\D,mselwyn48
154,jbetteridge49@geocities.com,zV9!fI~jSViNNvy/,pmorit49
155,srodenborch4a@businessweek.com,pG5!F{mCPO,bbrandolini4a
156,mgonzalvo4b@bbb.org,wI4/B9b`,abrice4b
157,bcorwood4c@behance.net,"mV8>=$_GE""u?<bFq",sizon4c
158,gdigger4d@xinhuanet.com,"qL4,LC6s_38ssmsy",gdat4d
159,rmchirrie4e@marketwatch.com,hG1.&oD`Ebh<D,mraddan4e
160,sdidello4f@wikimedia.org,yC8{QLHr|S}@#,anern4f
161,lsnoday4g@spotify.com,yU5|DP26A%+wB,jraffeorty4g
162,dcanto4h@mac.com,yJ3'=R\JF!f,ytrevance4h
163,bsiviter4i@yelp.com,"qE2""=<7hZ}Vks",slorraway4i
164,sgothrup4j@gravatar.com,fV1~eGD>Ba,mhanniger4j
165,tmattiello4k@csmonitor.com,"tH1%nWG2,mTI!Bf4",hkean4k
166,mneagle4l@boston.com,gF9~L?&uF3eB,ejencey4l
167,fstratford4m@opera.com,qP6~+O}dwuq,hness4m
168,fpeyro4n@reddit.com,qD3/v*/RH$*Hx',abunson4n
169,bandresen4o@baidu.com,wU9&v`FU>BmJEa,ufarnan4o
170,bboullen4p@jimdo.com,wN1@Ty11,hadolphine4p
171,drapaport4q@guardian.co.uk,rJ3\($8@Ce))lW,csnawden4q
172,vstanworth4r@lycos.com,wV1)=4ll7J4)LSm,cpimmocke4r
173,ttrelease4s@netscape.com,fP9?3D\/#N/?,estedall4s
174,dmessenger4t@wordpress.com,fQ1<1BCILzL3,ntellett4t
175,gkeijser4u@chron.com,jC6_\s~@{,jwinspire4u
176,wjeannaud4v@google.ca,"yZ3,TO{ZLm",mgargett4v
177,tstowell4w@digg.com,nB7&Dz<bvl{$M,eroyan4w
178,tprestige4x@nih.gov,"eQ4%Ovx"".*{",hleneham4x
179,msillwood4y@people.com.cn,"qY7~q""9L<u",anono4y
180,tcampanelli4z@free.fr,mQ1@.FiB7&up!,deckhard4z
181,gfrigout50@seattletimes.com,kD9)J/7na12s_V,pcowerd50
182,nboucher51@tamu.edu,tI3\WAk6,fvinsen51
183,bclubley52@mediafire.com,uR3{d0P.?xwZG19,hsmye52
184,jmcgloughlin53@wiley.com,fK9<<<{K,hgobeaux53
185,mmatuszak54@bluehost.com,dX3<V&PX@,twykes54
186,abeckhurst55@google.co.jp,qW3%27o_fG,cfox55
187,seastmond56@zimbio.com,aB7.m#K5,lharler56
188,bdelos57@go.com,"eL9.""njRt",lplampeyn57
189,bcogman58@mit.edu,"mH2"".NJh",xculverhouse58
190,aohern59@dot.gov,wW5|MUqUJI|+qj{i,hcreigan59
191,bstormouth5a@yahoo.co.jp,fD9\ejH4>D9hp,mbudgey5a
192,zpechard5b@cyberchimps.com,kB1.F*ABF,wgravie5b
193,mgirard5c@homestead.com,"fL0`4d""eZ3Q5@_i\",akinchley5c
194,gqueste5d@kickstarter.com,cA5<@TDdSDQy,sginnaly5d
195,tmadocjones5e@dot.gov,"cV2!4jZ\F~,Dyv",bwalklot5e
196,cshakeshaft5f@dailymail.co.uk,sJ4`RmX5<{h%||kr,dpetrovsky5f
197,cmcavinchey5g@china.com.cn,tW5_Z.&Mip}|,ewhile5g
198,csinderson5h@kickstarter.com,mO2}.wc*/,mlegalle5h
199,wtrythall5i@tamu.edu,dF7?e&+XQ%6q,gsherwell5i
200,amorlon5j@comsenz.com,"wZ1""Yy0?Ox""(",xpigney5j
201,ehaysar5k@cornell.edu,pW5<9e5t}{1,pdempsey5k
202,ijosephy5l@dion.ne.jp,vS6#3p#>6c6iK=i>,ccyphus5l
203,msidworth5m@timesonline.co.uk,aT3/f|n#,ksnyder5m
204,gbaynard5n@hugedomains.com,dG5/qZqp,yemery5n
205,tfonte5o@sina.com.cn,dI8}6JZ_0X{dI,cpenniell5o
206,blucius5p@scientificamerican.com,fA9@<$Ub0,fbrazener5p
207,schippin5q@microsoft.com,"gW6>nj""{mX@oa",nmaclucais5q
208,nspurden5r@salon.com,bQ2_qR@FuK,blevy5r
209,kdillicate5s@qq.com,"dC6%n""M""Q5MP",hfarmiloe5s
210,nshewen5t@youtu.be,"gI8*@hf,&9O",clurcock5t
211,nhambrick5u@adobe.com,"qF4$$V)1""L",broostan5u
212,tleeburne5v@cafepress.com,wB1/89j.,hrenowden5v
213,kdelepine5w@webnode.com,iM4)pE3J(7E9,sreames5w
214,gdilliston5x@nytimes.com,rR8.4gc@xT01n{d,ebeachamp5x
215,jlandreth5y@cnbc.com,wU4/3M@8zX1t,ffardell5y
216,evinau5z@nih.gov,"cD9,}rsyh7",rmarran5z
217,lconibere60@merriam-webster.com,xC1)*9@@DJ,cwoosnam60
218,rjanaud61@nationalgeographic.com,"jL0!&INY`@XjKP,",istanmore61
219,lmorad62@japanpost.jp,pS1@#J2dzXxIuBq,lrump62
220,ldunkinson63@timesonline.co.uk,nS8=0aBl%,mmiddas63
221,ncoo64@nymag.com,pK5_5wb.~r)CpI1,scogzell64
222,etrunks65@senate.gov,lZ2>5wRisI75uJ7t,pcrampin65
223,ggheorghie66@washingtonpost.com,tR0(dkN5Sxe,kcashmore66
224,ireolfo67@etsy.com,pA1<u(pS(x,bjehu67
225,hmerrywether68@narod.ru,rC2<XS\X,msandeman68
226,kwathall69@army.mil,nI4~vWyH%_fot%',bgrane69
227,cstaining6a@ezinearticles.com,"zL4\7fD""a7eTeny,",ccovill6a
228,aginnally6b@weather.com,fG8(v2&BK}<\,tyoull6b
229,tsporton6c@google.fr,oP9>5~28,dbitcheno6c
230,estation6d@youtube.com,yG0@_@+Q&Q@1O,mchrippes6d
231,ntesoe6e@uiuc.edu,"mG1~,hlg)C9/",bwhitebrook6e
232,hlewsey6f@hhs.gov,"kP9|5""w.oPoVgFP",dcruess6f
233,sloveland6g@g.co,uU8~ePc6~{,dcatmull6g
234,bible6h@cbsnews.com,bF3&xM7QWM,dbengtsen6h
235,wwoolis6i@mayoclinic.com,uS4_t)R*i,wwimpenny6i
236,rrawnsley6j@sciencedirect.com,pC7#3zyB2Q2EZCh,gterrey6j
237,sgreves6k@weebly.com,gJ7)GR6km2GcCD5n,ssloan6k
238,bpackham6l@imgur.com,"kJ0<0U$U1Dq=O6""p",lbonelle6l
239,fdallow6m@slate.com,iW9?0{bH*xrkAPlJ,cdewis6m
240,aself6n@elegantthemes.com,bU4%B%4Hzg!,jisacoff6n
241,wmartinon6o@blogtalkradio.com,"aY8~,b_4{s_%",ploughrey6o
242,modooghaine6p@google.es,"jS2.b{/~*&Zj,{.",jfedorski6p
243,rtroyes6q@squidoo.com,eP9%7.8fY$32`,zjobbins6q
244,dkennford6r@alibaba.com,fS2`I).j6vZ_P,peyrl6r
245,bchellam6s@businesswire.com,kZ0}.3&A=KM&,iambler6s
246,mobbard6t@alibaba.com,"iB4{~R3~<0),Y""",fyallop6t
247,tanthona6u@phpbb.com,pF9}Ho%qf<{Jsn,cbowdon6u
248,dspraggs6v@wsj.com,"qH4{TN/,.T#N|o",pbickerdyke6v
249,hshewery6w@booking.com,iS1#xhZ8hu'L,bbalkwill6w
250,omacdougal6x@geocities.com,"nS9$M?DxRLdu,1H&",hdunmuir6x
251,pcleall6y@issuu.com,"eA3(dj,Y=njtk",kchatelet6y
252,wmcdougal6z@eepurl.com,jN6!{s#o{U<rHBY@,bminchi6z
253,landreolli70@oakley.com,sU4#sT9d*oI3Kq7!,smazey70
254,sball71@whitehouse.gov,eM4/>9Y@zrn3L},lknill71
255,glidyard72@ucoz.ru,iZ3$AnkF22gat,aruckhard72
256,sswinford73@alexa.com,rI6_0ceXWdL0zVD,wstreatfeild73
257,cthurborn74@technorati.com,"lJ6),HgLt$.uSN",rslemming74
258,llines75@opera.com,tM2=f4)jhA,gkleis75
259,ghewes76@utexas.edu,"tS3(H&,'V|4ZA",swhitrod76
260,nwallett77@umich.edu,fD0*=Tc\FS{),vorridge77
261,arammell78@icio.us,mE2@lhGaL)X,ccartledge78
262,theims79@theguardian.com,bE2=oj/8,fcollaton79
263,jhannaby7a@who.int,yA1{f74%{qV,jclitsome7a
264,snewbury7b@sbwire.com,xA6(Y`UhV9X+`kYO,rgoodlad7b
265,ihubeaux7c@reverbnation.com,bW9@L4YL,vahmed7c
266,gaskell7d@nifty.com,qA9|Cs?(~4nr8,delias7d
267,mbartoletti7e@columbia.edu,yZ5>Skx6(%O,wrosenkranc7e
268,aomulderrig7f@nba.com,rQ5?auvC\Kb,jrickersy7f
269,crontree7g@bluehost.com,nZ6|#cKUX5.A/!KU,vattock7g
270,estqueintain7h@mail.ru,aU1#DbU1dS,lpales7h
271,cpatmore7i@walmart.com,wG5~Z$hwiglse,wparcall7i
272,tgodly7j@devhub.com,qY2})Lgs/%LTI7o,sbolliver7j
273,oedginton7k@trellian.com,fJ1()ys%jDCR,fzimmer7k
274,rshillum7l@smh.com.au,cO8&Vm68Nd,aadriani7l
275,ccrevagh7m@jiathis.com,"xG7""9{>A",lbearcroft7m
276,naupol7n@qq.com,wX1(V5OE},wdaftor7n
277,hdisbrey7o@economist.com,nM2?D>x13,hhillaby7o
278,wlythgoe7p@google.ru,mJ7)uhZ>,kdales7p
279,eeaton7q@bbc.co.uk,"yI1{<&qNVw""Nx",sbelliard7q
280,keton7r@gov.uk,zX1`nLt}be?G|N},vgoslin7r
281,gcollingdon7s@berkeley.edu,jZ8@f?Sfi,lblunt7s
282,jneillans7t@gmpg.org,yH1)!|Nk,cilson7t
283,fswinerd7u@mozilla.org,nX6<$cwFI0E,rprimmer7u
284,dwhitlow7v@google.co.jp,uL0(&|f!MG<ZM,lthrossell7v
285,kegdale7w@phoca.cz,vQ5=D40O,ptennant7w
286,rabella7x@hugedomains.com,"dT5((""""ZujO4<@",icraigmile7x
287,srusso7y@163.com,vZ6/wJPUp,mdrane7y
288,mloachhead7z@spotify.com,sZ3\L1VfEfB(K5',smenis7z
289,screbott80@wix.com,yE8.wxWI8,tbembridge80
290,bcurrm81@goo.gl,qG8&1#J#t,jwardesworth81
291,fperry82@usgs.gov,oI9*`=VK,fhasling82
292,clanmeid83@hatena.ne.jp,"eY8""!A'+M%Q",ycoultass83
293,rcalven84@ft.com,"bJ2?7cdfR%#6""",rolsen84
294,pcutcliffe85@mashable.com,zN1*<ccj.#,rlytell85
295,dtaylder86@360.cn,"zP5<P7,/Q~A%0R",ccapnerhurst86
296,amattingly87@typepad.com,wX1*srW#NN=G=9',mklosges87
297,sdockray88@usatoday.com,"sJ6!r>5g,.qzL",jdomm88
298,rpaddon89@whitehouse.gov,"oP9#3,kze4Tf/IW",shelder89
299,ttownshend8a@soundcloud.com,fG3\oj8t*&{,kwodeland8a
300,kkrabbe8b@auda.org.au,"jB2}E`BMRk58,",mcorstan8b
301,triddler8c@netlog.com,"fK4$""9XVCGxK""dP{",khusthwaite8c
302,fstovell8d@admin.ch,rR9~g`sI.Aql{,bgauthorpp8d
303,shinkes8e@pbs.org,iM8>LxZy1euz4\uB,rorta8e
304,emcquilty8f@privacy.gov.au,sQ9(uDU39Bx\z,aitzhaki8f
305,kleguin8g@mysql.com,fO2=E*GQn,tshottin8g
306,cpheasant8h@examiner.com,"qN1/>""{KC9vMkx",solufsen8h
307,eoldfieldcherry8i@lulu.com,gG5@ZUGW}nR=5$V7,gbrownsey8i
308,nantoniewicz8j@youku.com,pI5$\.HaJX,dpinchback8j
309,mmcneice8k@prnewswire.com,jM7!X{}N@Ss,aspottiswoode8k
310,aferri8l@blogs.com,eW0\?0ThlsBKF2Vj,jdagon8l
311,dwingfield8m@hao123.com,uG1>Hrv8,fsterre8m
312,iditchfield8n@github.io,"pR8~32KwX,9>s0I",hgrigorian8n
313,cheld8o@disqus.com,"bH5""WCFnnNbcOTq",dbonnefin8o
314,bmacconnal8p@hubpages.com,xE1=HLH(jrG\Fvp,ggaley8p
315,aaynsley8q@adobe.com,mG1.&TGV@O|j,eschwandt8q
316,glomb8r@over-blog.com,dR7&%M+zvTOJ{,lcrawley8r
317,tendricci8s@unesco.org,xK3%Y9Kg?,jzannutti8s
318,wtithecott8t@wp.com,rN3}~x|vD7Kd,hmclardie8t
319,arenforth8u@flickr.com,yT1/E\N$@Y,pkoeppke8u
320,rchuney8v@hud.gov,tT6)u4JyoIj,cruhben8v
321,lklassman8w@ifeng.com,nI3%*9=xMk5fh,mattock8w
322,udibdale8x@macromedia.com,tN4+CdjE$g,ebridgstock8x
323,bmacmenamy8y@admin.ch,"sT8%?wjxHO,3OwY",ahourahan8y
324,lhannam8z@moonfruit.com,vF3%EA1A{{$N8,edobkin8z
325,tfergyson90@yahoo.com,uD3@g3sqKda,corafferty90
326,zheditch91@princeton.edu,jF2$Jq3hPE5,lutterson91
327,fmorat92@linkedin.com,oZ0@\u6VwL`1Z,esissons92
328,qvanarsdalen93@senate.gov,zM1&}C><O)_<f,lmcalinden93
329,toheaney94@blinklist.com,"kD4+@@*Ow|""fjv@j",odykas94
330,dluberti95@chronoengine.com,"aV6""nb1M#)4",svanderhoven95
331,sdeal96@constantcontact.com,vS6?n7LRT2,abranney96
332,wbortolussi97@soundcloud.com,gO4{8t<k,rbert97
333,scawdery98@spiegel.de,rN1&E+z@8bRU,ssparshett98
334,ddiruggero99@foxnews.com,"lS6&*>+6M)/,",vpettiford99
335,omiguel9a@abc.net.au,hZ1!50_lR$,cnehl9a
336,jtimmes9b@goodreads.com,bS6|`$qYZ~%,tthandi9b
337,scoster9c@npr.org,cT0$>O3BR|abMd,gdomeny9c
338,klafoy9d@auda.org.au,"yT4,JW4u#)NO",vwalden9d
339,rbrevetor9e@cdbaby.com,tK9<zhfoO`VDVw,asapey9e
340,hstott9f@livejournal.com,uO0&@2#kN,dfarbrother9f
341,ypawlata9g@artisteer.com,mN0%)zG',tohengerty9g
342,jstranio9h@github.com,tR5%uYd@}X&_sI,fbyrd9h
343,aourtic9i@google.de,iQ9&117}F,hsigne9i
344,cgardiner9j@ehow.com,"aI8(d,$(?r6",funger9j
345,rbrunini9k@omniture.com,"jR8,?KnoI8vke%Mf",aby9k
346,nkilliam9l@storify.com,sX9%<{%6hzWYoZ,mdraco9l
347,rjendrys9m@meetup.com,oE4?i|O+)wt!,cdingsdale9m
348,mfarloe9n@sogou.com,vU3=R+$Bi6zOO@,mreddy9n
349,mmacgowing9o@moonfruit.com,lB2|VI'S>,jstubbes9o
350,gzisneros9p@virginia.edu,jH5#<>%fEfQq,spayn9p
351,cgasking9q@youku.com,"tB5/}""!qo1",lbuscher9q
352,cpoznan9r@mozilla.com,rG6>G3\Bk1A%,acotman9r
353,elody9s@unc.edu,wC0+oVnf(l*8W=@d,esingh9s
354,airvine9t@utexas.edu,yO3`r0gX&j/N,dtexton9t
355,cmoukes9u@hubpages.com,gQ3>i!c4F|B=o,rrudall9u
356,ugerrie9v@posterous.com,"yA5!B.'iR,l",ksiret9v
357,cchalcroft9w@nps.gov,aO2{$|Z*(Ktu,sadelman9w
358,ebrosetti9x@nature.com,"aD7_,gw%nd,)Kt",ahauck9x
359,mvelte9y@privacy.gov.au,cZ4|b<d0,phopfner9y
360,bjeskin9z@domainmarket.com,jX3$DVtTp,rcosgreave9z
361,jkeunekea0@dot.gov,"oC2,eAsJS",agosnolla0
362,hdarrigranda1@ustream.tv,qI2<fFlA1I\~zj_,hbabbera1
363,mbassetta2@adobe.com,xA1+Zj0sB,lclellanda2
364,amackimmiea3@prlog.org,aM3}7y8>tx/,fcharleya3
365,swalletta4@e-recht24.de,qF8?(31a,ecratea4
366,jbeckinghama5@wp.com,"gA8(SBlWmfnR,T@&",awilcoxa5
367,tlisciandroa6@comcast.net,fJ7(i_E#FPT%{WX,vdinkina6
368,wbalmadiera7@tinypic.com,dU1@@&hazUPa,egodsala7
369,mpalleskea8@utexas.edu,jC8|`R_R>Yoq+LR,wrogersona8
370,sgulleya9@soundcloud.com,"eX6/F02?""KeR",wbarocha9
371,mstapellsaa@dion.ne.jp,tI7!BK!ygPwPAyr/,dmarchettiaa
372,eocaheyab@xinhuanet.com,yZ2\kUMq2,lshatliffab
373,mdurramac@slideshare.net,dI7+t%mclHm,ecollinsac
374,bdodameadad@360.cn,"gV0.!1<""cq`1Hf`",sdorkenad
375,mraywoodae@ibm.com,iU3'1G9KN2J+g$}d,jtwiggerae
376,chodintonaf@shinystat.com,eN4(ek&v&p_,danningaf
377,prootag@symantec.com,wK0'\)X4,scartinag
378,ggatlandah@google.ca,dE0(VqSH,mdederickah
379,amarderai@cornell.edu,sZ8.{RlK2Tw),jmacfaydenai
380,vsaunieraj@examiner.com,"iV7>6}`6G<(y,>R",dcopasaj
381,kcageak@mashable.com,lO2=tehPfsDJ,iaggettak
382,cdufoureal@sourceforge.net,"vZ5,Q~OuM$r*<""}",lfitzsymondsal
383,amaccoughanam@economist.com,fQ6.E9W`@!{$!zb,hcalendaram
384,srougean@microsoft.com,mF5@sSUyS#Xj<+#,swaithan
385,rpieroniao@opera.com,fI4$@f`UkZ,ohaccletonao
386,gheavisideap@istockphoto.com,nF8(s8K270,tloomesap
387,btrothaq@eepurl.com,xN8.L11/@Z6WC,kgeroldoaq
388,griteleyar@netlog.com,vL5|5PtehjZ,bgierardiar
389,tmacquarrieas@umich.edu,"aN8,nZ%9mm",eculpanas
390,gvarkerat@ft.com,"rQ5'n"".hBF",bpoulterat
391,hlowndsboroughau@typepad.com,lA6`Jjltz,rmacquireau
392,fpontav@cocolog-nifty.com,pP6#\F0#K&OIxPF,elampartav
393,olaugheranaw@geocities.jp,fK4%(Nm|F!A0iO!x,tmollittaw
394,mdummerax@webnode.com,uO9/kC7I5s0vZ,flillicropax
395,smacpheeay@vimeo.com,pZ0<xH$z'lH{Qg/,rdemarcoay
396,pboaysaz@bigcartel.com,"oL0'Np""e@oQoj~",sbuggaz
397,sblatchfordb0@biglobe.ne.jp,"sX8,{DKh`",abartletb0
398,lwagonb1@state.gov,fW2%aJvR,rthornewellb1
399,jtrippb2@blogspot.com,dG6~@EAxf3@0pi,khaswellb2
400,rclearb3@paypal.com,"fC2""f0,JyqtB>",rstanmoreb3
401,mforshawb4@spiegel.de,iD0&W(I=,amelvinb4
402,mredwingb5@about.com,hX7\`RNP}h3}8yu,jwandrichb5
403,mgornalb6@dagondesign.com,kD5=I<Mi*s!Ow.3,bvlasenkovb6
404,ahousecroftb7@taobao.com,xH6`TB.a_pn=W1~,sthoumassonb7
405,wlethcoeb8@disqus.com,"tD7)U1f&?nw@Iz""!",jmedewayb8
406,rallsworthb9@buzzfeed.com,"hU8=$a5)1?""\+#N",estorresb9
407,akikeba@last.fm,sO9&~buLfJ2{U%3,tbiddellba
408,fhawthornbb@w3.org,eE4%cm?n.F,mjerrandbb
409,gdenmanbc@google.es,yL1+>v3_{,abeebybc
410,gewellsbd@blogtalkradio.com,iA8`eU`0lN<?=ob,bsparsholtbd
411,swrethambe@liveinternet.ru,oF5/Z>%?p,rwhittekbe
412,rfinnimorebf@imgur.com,uH2@ZG3Gv8Z'g,abromheadbf
413,sparnbybg@guardian.co.uk,lT1$kDcc?,tpinsonbg
414,rgeocklebh@nyu.edu,cI4)UJ.aE?{GLJ,lpollackbh
415,smccabebi@mac.com,wU3+n|EIMq{C\,dlemoucheuxbi
416,mdelgardobj@china.com.cn,tT5#8|8y,mhoudmontbj
417,bwisdenbk@freewebs.com,dF6)%xw2iM6=$Zih,pgalerbk
418,nriggeybl@rediff.com,qI1!pk|lb,acianellibl
419,oorpinbm@sitemeter.com,vI4*6mrh!>V}vDe,ppringuerbm
420,gcrixbn@xinhuanet.com,qC5+KLem,mluttgerbn
421,dgriniovbo@yolasite.com,mM3/XkU?iI`O+'|Q,jbendlebo
422,mrapinettbp@vkontakte.ru,bI7&~NWh&k2/}f=*,rerbainbp
423,pizakbq@phpbb.com,"aM1#tjHRe)Ct$,F",sswiggerbq
424,htrassbr@slashdot.org,bF5'FZ`u,bskoatebr
425,acressarbs@people.com.cn,dO7'+M(49T,korpwoodbs
426,tandraschbt@google.it,cV7{Zi{6MHjkG<_,llightollersbt
427,aellawaybu@latimes.com,"qH3,*9>/R5",bcliftonbu
428,hpayebv@networksolutions.com,"lM7~+c=_V9{>""dp3",edrewrybv
429,pyakushkevbw@cyberchimps.com,kH8<\C\g,cdunstallbw
430,mcesconbx@tmall.com,lX2`bQOw,ijurybx
431,mjanosevicby@google.co.uk,rK0~+{rtQW}pJf,rdumphryby
432,bmuatbz@ning.com,vZ7=O{pFo,rhymersbz
433,rhailesc0@irs.gov,"pI4""gm(Q'7",lbrighamc0
434,jboyfordc1@ocn.ne.jp,tU7_DIIi0<y{,nstranieric1
435,eperseyc2@wunderground.com,hT9!8hH*b~,gbraundsc2
436,mtitcombec3@facebook.com,"nY3/e5FeK,",ncluniec3
437,irehnc4@miibeian.gov.cn,bY6{>lh32tkiNa,mrichfordc4
438,cbariballc5@wikimedia.org,cN6}Rdf_tg~,zfilanc5
439,rsalsbergc6@tmall.com,"wF0\Af#=C""{",vkunzec6
440,harklec7@cbslocal.com,aJ2$_b59Mm,jknibbsc7
441,bpinchesc8@bloomberg.com,"nM6`}u,?+t",vkoschekc8
442,abillamc9@blogger.com,sL5'fx4/0,mvaudrec9
443,kmochanca@sitemeter.com,rH2$8lvglwDZKvl#,rraecroftca
444,ngartincb@fema.gov,zR0{kRwD{,escaycb
445,ywillshearcc@printfriendly.com,sI0&r1UfMaT5zAe,dbarrimcc
446,iealliscd@blogger.com,"cW9>h,tA""e7`77_Z",cdingleycd
447,caaronsohnce@wiley.com,"kV6`""WMj&sl=",arumblece
448,cosharrycf@plala.or.jp,sL1.vyTS),gpakescf
449,hfritchleycg@examiner.com,hB1?+&**E180Z\8Q,dboddiecg
450,tchoakch@reuters.com,uK5$K=+5vG>9,climbrickch
451,irappaci@eepurl.com,yI9>Ds?U,ipeddoweci
452,cmeriothcj@usda.gov,iN9~7Xt(</BLP`,naucklandcj
453,scorderock@globo.com,rZ1$TGaaU<HmC`S,cclemotck
454,apozzocl@fc2.com,qV3#6m#~Dbj#m@&h,kmaccaffertycl
455,ngeocklecm@princeton.edu,"dO9""N?xN6@E%",cnetticm
456,jhollowcn@hostgator.com,uE3=bvHEvXPJM,jcavycn
457,mcowndenco@ovh.net,kM5~5SGe\$)L4i,ecoperco
458,lrheaumecp@sitemeter.com,"gA6/A_ITxq""+<nS",gvalintinecp
459,xchastandcq@nyu.edu,dN3%WuqwBeP0,rcampkincq
460,hmaltercr@vkontakte.ru,xY9_2\D=oE,sbreachecr
461,qtrattoncs@comcast.net,"sC1,7(xhHk}p~",gdudgeoncs
462,sgreatbanksct@businessweek.com,qM0%fRf%,pbalaizotct
463,palejocu@rambler.ru,"dA5,L('W`C*nN60|",btchircu
464,alabatcv@weebly.com,pZ0*<AFbAI,shadleycv
465,lsumshoncw@pen.io,hA7>>+ahW6MsTi,elukinscw
466,hmaiercx@usa.gov,hG7!3ie3)Y,bgreisercx
467,blamycy@pcworld.com,sE6&bv+ioafL,sslogravecy
468,gpostgatecz@goo.ne.jp,"xF9""p|=tp",lstilecz
469,scobbingd0@angelfire.com,wT5#iq!92xj{=,agravenord0
470,sbienvenud1@delicious.com,iJ1*_w=0x>HoI@v,floveringd1
471,vmassotd2@cpanel.net,fC0'O1ET3N}?+wbP,amacbaned2
472,ccolbrund3@narod.ru,yE0#g`P@we(W,bstobbesd3
473,acubberleyd4@omniture.com,"oP3<aR`vl(,Dyz1r",traulstoned4
474,dvokinsd5@psu.edu,nB6$@L3|'$}L=+jf,wbreadond5
475,amarklind6@miibeian.gov.cn,"sR0@4A8""/LF",mmoseyd6
476,amcalpined7@springer.com,"qS9@A<{G,H,YG/",fyglesiad7
477,lmalyjd8@princeton.edu,"mY8\h4*hOn~""\/+",tkinraded8
478,fbassilashvilid9@flickr.com,vC9@XspVm9,ddanilyakd9
479,amouldda@theatlantic.com,rI7>E1%y@/w,gfidelerda
480,ggierkedb@netlog.com,sD1\)uqq,ccolliverdb
481,tpallatinadc@comsenz.com,yO6'b?u?ZN,afiddymontdc
482,atrevenudd@businessweek.com,oL2%fWS!73d{R=A,rbeamesdd
483,nslocombede@fotki.com,aS9'zCwu`5(,tkeelinde
484,bbrychandf@github.io,rQ6.Ua3KWpfS3'|,ghenrionotdf
485,uspadazzidg@yellowpages.com,"iB1!""~X0Iqrr|E?",bantoniewiczdg
486,njeffreydh@infoseek.co.jp,"jE6?ITr8)&""NizxC",shinkensdh
487,rgiddydi@uol.com.br,tF4/Gh$B,jolubydi
488,ldefrainedj@seattletimes.com,pN4=UB`rp3Y,ffalknerdj
489,clobbedk@privacy.gov.au,fR3!\lMN`TT+,blanondk
490,idomengetdl@smugmug.com,aR7+e`)5c0p,jcammdl
491,lricolddm@house.gov,"dK3""cj7@Yew",okirtleydm
492,kcuffedn@clickbank.net,xU5&rTL*pW2M.,dcrantondn
493,kphizackarleydo@statcounter.com,zJ7*#hZXG78#u,llathedo
494,tdruittdp@bloomberg.com,uA2'?dE@w,noffenerdp
495,cdemalchardq@theatlantic.com,aE3<BG~e\nwL,msivessdq
496,crichingsdr@bbc.co.uk,dH6_q`Mfj~fZq,jheretydr
497,rschuttds@va.gov,iF2{L|&m(R4/+p$$,ogurkods
498,bculloteydt@reuters.com,oK4\o\w}?zqo`O},lflorezdt
499,cflecknoedu@japanpost.jp,aP0%~6D#E(+,joliveiradu
500,vevequedv@bluehost.com,iR4%g#|e,rsaccodv
501,eyallowleydw@foxnews.com,gQ7>RwQR$.w22N,lseintdw
502,ccasassadx@weebly.com,"yE0)qMeE,",msemeradovadx
503,tjohanssondy@xing.com,xE7`T~BiS*FGR,cfladgatedy
504,kbehnedz@cocolog-nifty.com,oA2\K/.=3gcrm,ihallihanedz
505,gcammackee0@usa.gov,"lX4,Td|<#YKIoF#M",cjaulmese0
506,cpapene1@twitter.com,gS9#3KN`bMm12\,rigoe1
507,rtamee2@about.me,jD2?c=9F{CV,tdenerleye2
508,swhoolehane3@oakley.com,"eK7/FvBAS4,|i",tcanfere3
509,bjaeggie4@narod.ru,wE4$n}Xs_nDg,tlarderote4
510,lblowerse5@simplemachines.org,vY5?3!v|\,vdemalchare5
511,cpinge6@exblog.jp,mA3(%1~ag9ndc$,rtrematicke6
512,ojuschkae7@4shared.com,uE4!4w%_D|zc|G,nshewene7
513,cfaireye8@clickbank.net,iL6)\V{7*R0dZV,aholliere8
514,hohme9@fema.gov,"fV6?Q$I""|6))G*",kedgecumbee9
515,mdreganea@go.com,"yI1`BC&B""O`=h",mhalifaxea
516,stwelvetreeeb@mediafire.com,xD1)!itm?,cgrunnilleb
517,psimonaitisec@google.es,"pL5+K>w?IC0""kV)S",mfalconarec
518,dfurzeyed@hibu.com,"gN3\Kek!y>,aN|",eabsoloned
519,mminkeree@quantcast.com,iF3$P?\<ri,pcabralee
520,jseeryef@usda.gov,"cX4\u""+)fG.",psivillef
521,mlilieeg@hibu.com,"cK6>ok9h/uSEtj,",olitzmanneg
522,gwintringhameh@4shared.com,nO1~iq*mU|a,vravenshaweh
523,asaxonei@cbsnews.com,oW6'InKS=ap,bphetheanei
524,awicksej@wired.com,bP9}_<f5,jdouglassej
525,gskallyek@google.cn,jW0==L`%Ke9ID'\,ttailourek
526,mtigheel@princeton.edu,kJ8*hgnJXyIGCs,bkardosel
527,egenthnerem@unblog.fr,hJ1!X>@SfHZ,syairem
528,jjarnellen@earthlink.net,"nE6}""Us@\$",gtourneren
529,tgalleo@economist.com,uI1_!oiX*mbX,imarryatteo
530,nblackburnep@de.vu,pT2{1&2qAoh1T~S,sdeackesep
531,fhanmereq@theatlantic.com,"rA6'VZB2'?,e",lyeldhameq
532,mmckenneyer@topsy.com,wL5~S$R7E,lhallgateer
533,jfallones@yelp.com,cJ0>r=_zEIx,jmccabees
534,zsaggerset@netvibes.com,kG1*P@JFKx$p,nsimnettet
535,tzylberdikeu@usnews.com,aJ6_&w#cv,vesmondeeu
536,jlockwoodev@instagram.com,"mG2_%870iiP,>Bm",kklimkovichev
537,tfearensideew@cnet.com,gO7(mf/<,ekhristoforovew
538,kbwyeex@redcross.org,"dU7,$31D!#",pmacmorlandex
539,eworshamey@1und1.de,"yW4=xi1t""`C@4q6",cdraysoney
540,pbalentyneez@indiatimes.com,dK6!'fyy%,dreichhardtez
541,gcharleyf0@yahoo.com,tU6@d%8..p=(L!i{,msirrf0
542,ajeunef1@disqus.com,fF6+7U3+tCAu,mnevinsf1
543,dromaintf2@biglobe.ne.jp,wG2>DV5LXUr,gyankovf2
544,jholliarf3@delicious.com,pD3+9b<NhBg4,ncantopherf3
545,cgulcf4@drupal.org,nQ8'&Ll!4N,alehrlef4
546,jmennearf5@bbc.co.uk,sT1~SM_ScX+pYj)t,mticksallf5
547,fgamilf6@unblog.fr,rT7+r(+Y),bfenelowf6
548,balsobrookf7@multiply.com,gM1_O<x%na!19,scoalbranf7
549,mmercyf8@shop-pro.jp,bU4>1BzuBr'/6s,sbythewayf8
550,thiddsleyf9@tumblr.com,hS3\\|3pVgi,bluscottf9
551,ngironfa@cbc.ca,oD2*6YYz,rwesselfa
552,fartinfb@nhs.uk,tD7}AHYma,jmccolmfb
553,tmckelveyfc@cnbc.com,jE2/0wq9q=x&0S+,dschowenburgfc
554,rjerzykiewiczfd@kickstarter.com,"nK8|H,vY""f3",mtatamfd
555,cmagnayfe@amazon.co.jp,vQ4'9?.'zL}1,jsleitefe
556,mvarneff@disqus.com,pK5#Gslx`F(,cleabeaterff
557,tpepperdfg@g.co,bN8\V4*t=GX,cleflochfg
558,htaggertyfh@acquirethisname.com,lQ0*)H0Y|_9nw5,bpersencefh
559,fchesserfi@xrea.com,zH4}<C?Nz9$nn,cdeclerkfi
560,wgumeryfj@ftc.gov,oY1#y6n6,mpautardfj
561,kpierrepontfk@netvibes.com,fA4'Wvv*QCWkkT2c,jmyattfk
562,shanniganefl@photobucket.com,tT6~@bC|2,ecandwellfl
563,nbodessonfm@acquirethisname.com,rI6$yj1DK,rmacroriefm
564,wgrinovfn@chronoengine.com,gA2%LE%0E17UB,vclowsfn
565,gnicolfo@friendfeed.com,"cD5/)`*TQcc*""Hat",ndwyrfo
566,tlebrumfp@youtube.com,iV8#UL<8+,ftremeerfp
567,bdeliafq@reverbnation.com,"sO8&_8+xq,)",nbaumaierfq
568,gconniamfr@squidoo.com,kJ0_=rr4&s|=3DZ,mlivingstonefr
569,mliddyardfs@ask.com,cC2'fiqFvf#,rbradburnfs
570,akeymerft@cam.ac.uk,dY0`@'(fh&,fdirkinft
571,ncrutchfu@slate.com,vE9_U>nL{&9)},lickovitzfu
572,gsurgoodfv@usgs.gov,sB0)~v=jM5!,agilyottfv
573,dstuttmanfw@ameblo.jp,cG6+OqGu+0$$%ey$,jtidcombefw
574,mstedallfx@ask.com,rJ5|5kYz$jOV,mstiegarfx
575,rcockcroftfy@slashdot.org,"cL3\PJ%""B",mcallisterfy
576,dsilverlockfz@cyberchimps.com,"rX9!,$8dHS+",pwooffittfz
577,jswafieldg0@state.tx.us,"rU7|>A!D'.{oL""2",farrighinig0
578,igeraudg1@naver.com,"aV5~O_x_3UN""i",jchoatg1
579,hklaesseng2@chronoengine.com,"pN7~/k8#\'|'Q7s,",bdukesg2
580,jswinbourneg3@kickstarter.com,wY2@U(!l(?>s,cfrancescozzig3
581,rsnoadg4@google.com.hk,qP1\+6'kIAY#Fj,khowsing4
582,singleseg5@dedecms.com,"nS1!ImpQBeIQ,7Z",mgammadeg5
583,gplaideg6@gnu.org,"hH5|_}*""H8}W|,ux",jludgateg6
584,rhogginsg7@microsoft.com,jO7.t|rD@,aantunezg7
585,bflackg8@stumbleupon.com,"xI1""D'wFw*,Y",kbartleetg8
586,tfitzroyg9@loc.gov,tY7%M(AEH>'ay,rgooldeng9
587,opeekevoutga@cnbc.com,kX7+KECf3>Q,apalmerga
588,lnunsongb@bbc.co.uk,gO4@E}3wqK<QfTh,wbogacegb
589,obalfregc@nbcnews.com,zO1%w9_t,bdefriesgc
590,rtumilitygd@naver.com,"vK5{3jBQT&""m.",kgrimwadgd
591,mmicoge@wired.com,"wW3""Nmn+OE>I0_%",rkenwardge
592,drubinowitchgf@comsenz.com,uI3=PoB}zlq~D6,rebanksgf
593,santillgg@networkadvertising.org,fB9'9szQ#hxWPD,ameatesgg
594,mlongforthgh@howstuffworks.com,"bI6_,.i7SF,+Q",amcilmoriegh
595,otudgegi@msn.com,"qC9,JNQC~?S\,tM",halevequegi
596,tallseppgj@shutterfly.com,"sF3`2|,H3i{|t/",mmoorcroftgj
597,vbelfordgk@google.com,cQ9*LfzF,ldeverehuntgk
598,fgrisdalegl@marriott.com,aP2}fO6EMNb~7,sescofiergl
599,wstoniergm@vimeo.com,mI4@7Ak/S0f,nisaqgm
600,pmouncegn@exblog.jp,vO7!tszVM%I&<%,bgoodhewgn
601,rgermaingo@timesonline.co.uk,wQ5`_\600/Z7d!uH,pcurrumgo
602,cshelpgp@pen.io,fM9$/SKW,tpoynsergp
603,htrimmellgq@netscape.com,bL3(k&%t,bbeckworthgq
604,udjorvicgr@columbia.edu,iA2+xKCfTmz>,ffrantzgr
605,hmayallgs@cmu.edu,gM4$v(K#BG`vQl,tmcgiveengs
606,khonischgt@sogou.com,"hB1,Z&Um$WB4{5",gfrareygt
607,jhagstonegu@deviantart.com,qK0}'sGv`1'83rf,ojamsongu
608,hportwaingv@usa.gov,zR4*>$V'q%G@E,bshotboultgv
609,cmingaudgw@tumblr.com,rY7_!DOe|/ZM,vclowneygw
610,rbelvardgx@bing.com,"eB9_,8B$qcKY",ddonohuegx
611,mwinfindalegy@buzzfeed.com,vD9.9PIu,fordgy
612,jseilergz@dropbox.com,nA2)e&Y~l@S,grasmusgz
613,gwindeatth0@blogs.com,vR0/B7_YmdUw*gR,rclemensenh0
614,lpideonh1@g.co,"gG3&7Gz""$v)/>5*",lboribalh1
615,jwillavizeh2@princeton.edu,rG7@<Y889.w/<b(},dtenmanh2
616,mkettlewellh3@edublogs.org,"iX0%""<$XzqN",tsimlah3
617,hpunth4@who.int,cH4\I_=9Dqv0,rbrattanh4
618,mdunkersleyh5@salon.com,nC5\G@9/dvqj_v,ngrievesonh5
619,lcantopherh6@usatoday.com,oU7%YkFE|0TU,cbarenseh6
620,ucastroh7@soundcloud.com,uE3@*+>bLwtfTn|,lhoudmonth7
621,hhaslamh8@ustream.tv,qN4\lkI@mT$Cf0\,deverissh8
622,jpapesh9@constantcontact.com,zH3+v~Y8ZR,ejustish9
623,randratha@blogtalkradio.com,lL3+'{u<Qb}+J`S,sfirbankha
624,skeyzmanhb@nymag.com,bK6+S9f},smusgrovehb
625,solekhc@marriott.com,tO7'v(>&V/x?,apaffitthc
626,ccrichleyhd@amazon.co.jp,kA4~1).ustbueAp?,tdavidowskyhd
627,mlewsyhe@goodreads.com,"uV4,c*c|1,",cwisonhe
628,rcarahhf@cbsnews.com,pE8.9bGRMifg+,idillonhf
629,thanscomehg@nature.com,cW1}=T*1E,dpainehg
630,dfolkhh@yandex.ru,kO8_Fw5T)y/P>)c,rmcfeathh
631,jjaumethi@foxnews.com,nB6=%mq%s/,ctwininghi
632,ydoakhj@dyndns.org,aS0}u3vs}!ODyIs,smcgunleyhj
633,anolanhk@drupal.org,"kD5|wQO*E{!""",pgaitherhk
634,mhansedhl@amazon.com,iC6?RdJvO,mfothergillhl
635,bmcmanushm@geocities.com,bJ3=*kyq,ischubberthm
636,gabraharthn@hhs.gov,iR4?x>Ss/F,kcastelowhn
637,jbarnardoho@typepad.com,dX0>mo#T`uK5,ctrotmanho
638,tbaldettihp@t-online.de,oX4\!GvM5RAq,tsealehp
639,cturneuxhq@hao123.com,"gQ2},Qcg4|",ceasterbrookhq
640,qnisbithhr@woothemes.com,jC6?v1ix7vj/1,cdequinceyhr
641,gforbeshs@cornell.edu,nX3}kOi(X0*FG,thousonhs
642,rsciacovelliht@liveinternet.ru,cR1=se+T~,lfenimoreht
643,lmatejichu@yale.edu,fN5/Rj$p?AbatU8,mstollihu
644,mkobierrahv@unc.edu,aL4\QQ&j8)u_9G{,sneubiginhv
645,alafondhw@businessinsider.com,"gJ0,2J)Qf|j5I",mburgwynhw
646,ckidsleyhx@bravesites.com,"nF6!T""X\CIe",dskaifhx
647,lcumberbatchhy@stanford.edu,jX5\H3'Uu>d,rgeffcockhy
648,knorthagehz@wunderground.com,jJ8?*Y8\E,fbathowhz
649,daxtensi0@google.ru,"lU2!ER,fWv",pgounyi0
650,rcharpini1@google.co.jp,eV9$kf#?R~1,nizkovitchi1
651,mayreei2@usatoday.com,iJ0'xUN?Bs,mstillei2
652,kcarlsoni3@independent.co.uk,qX9\)MjXnmVdQI,mbickerdykei3
653,mdoweri4@cyberchimps.com,cX5&!QphP=pMb4,candrusovi4
654,pbreadmorei5@squarespace.com,"qO3.?8(b""Q(",amiccoi5
655,stommeii6@nationalgeographic.com,lA1$6u$!RmN,borteaui6
656,lfearesi7@1688.com,oG3$?whO,astanilandi7
657,apymeri8@privacy.gov.au,zP2}Pm%=@A,cestoilei8
658,gmassei9@geocities.com,"wU1$V/8p+8,",nipslyi9
659,dblaesia@smugmug.com,jG1~slQ%o1D%Twm,pboughtonia
660,mgiovaniib@icio.us,vI8&Y5kE0!Ma\A,jchennellsib
661,hguiraudic@redcross.org,qQ8__tNmGS=Q!1,rcummingsic
662,gbridgewoodid@163.com,uL2~l6Th,hmclindenid
663,rorielie@hugedomains.com,jH0'_'?y,bfullowayie
664,hcoopperif@cloudflare.com,rZ7&gU!CUsh*j,chollyarif
665,bgiraudoig@is.gd,bK5/1#d4<G8,cmartinhoig
666,jsennih@theguardian.com,lP4~q(q$,lclaphamih
667,fstribblingii@live.com,cU9~6keD%1F},dbeniniii
668,cgregerij@seesaa.net,cS2/oII+,ciuorioij
669,jjannequinik@eepurl.com,lG1_n(tmaqDC,sfavelik
670,pholleworthil@simplemachines.org,cE6(ktC2bB?&Q,pgoodfelloweil
671,fpiotrowskiim@ebay.co.uk,eI0&=BDq,ggibbonsim
672,pmountin@patch.com,vK2/1lnXa5><Lj,npeein
673,ewatersonio@harvard.edu,oX8!2om$}QE0<,blonglandsio
674,tprickettip@nymag.com,"dQ2/""ZIJs1a+""Q$$",cwinnettip
675,dkarpeeviq@nsw.gov.au,nA7_L'Z+Xaw,zletherburyiq
676,aperrynir@paypal.com,"gF0|4n@u_2,$",dwardeir
677,wdowdleis@google.nl,"aG1,q~b\",mpowersis
678,bratledgeit@craigslist.org,yQ7#JsVkpDLG,hyakunkinit
679,dsegoeiu@desdev.cn,yA1!<=HUkX<XSGw,ecoppockiu
680,gwoodesoniv@geocities.com,fG8/Zr@S`k5GlY,belgieiv
681,jbuscheriw@businesswire.com,"nC0?=""UOGuTWu3",fdreigheriw
682,hbollumix@macromedia.com,"pR0}97v{5,htT{RY",roakhillix
683,bdrageiy@lycos.com,uV2'bXpg$|V8,mfilderyiy
684,arourkeiz@is.gd,bV7_H~xH#,rleeliz
685,kswetmorej0@ucoz.ru,wF3/f>b2.T,sthorbonj0
686,bmidghallj1@china.com.cn,qO7}iJid)z0.|(r@,mcrossgrovej1
687,kscroobyj2@aboutads.info,"iL4,p?Aa*\.",gdawidowskyj2
688,nsainerj3@google.cn,"eD3=bj2S""#H_dSpm",kkebellj3
689,bmaraj4@drupal.org,uG2%D_Gu%,hjakovj4
690,ainghamj5@sbwire.com,yX0!N|AAeK},twoollinj5
691,orultenj6@desdev.cn,oA6$Vms}8WWm}2,clineenj6
692,fchurchousej7@cocolog-nifty.com,iE1/dxH+DoP@,kheimsj7
693,cmettrickj8@mayoclinic.com,xU9(SmD)KSRw,dwarsapj8
694,mkinradej9@ed.gov,pB8%UpDycl(h*.~2,bbrandhardyj9
695,adesantosja@amazon.co.jp,cC4?%4I0bFkopM,jsimnettja
696,pgoslingjb@about.com,sO1|PSv.StNhU,dhemblingjb
697,tauldsjc@irs.gov,hI2!Hdw|Qo'47*N1,vpoundjc
698,wfullickjd@rakuten.co.jp,hM5/g=Pjy~@8,thitschkejd
699,mmckillopje@umn.edu,"cL1,np,pKr,",lledraneje
700,lcortonjf@apache.org,fA0\e3oFD{9<.,oghilksjf
701,rfolshomjg@bloglovin.com,dK4/I#}Y~(U,kletteressejg
702,ebreedejh@theguardian.com,wM8_Z$G.WL,tparmeterjh
703,erojaji@psu.edu,jT7\Z3NR\'YE,gprinnettji
704,balkinsjj@livejournal.com,"tY6\W,b*Ml<",cproomjj
705,bnethercottjk@unicef.org,"rZ9""'p06/BeqjK#",astiversjk
706,aasbreyjl@prnewswire.com,fA6!@N?p8f,ainnmanjl
707,rfurzerjm@quantcast.com,vK3(qPIpS$Cp2q,ematyjajm
708,kkealyjn@twitpic.com,"dM9`Ke%=~8,udg",kgilfoyjn
709,cfluxjo@mlb.com,"xZ3$bgh,""S",lbrashjo
710,aduranjp@linkedin.com,"hG0=5Bu#>p,#",rcarlilejp
711,cphilippsohnjq@fastcompany.com,"mV0`""Ip2*",sbardayjq
712,cinnocentijr@admin.ch,"nV2""Q5sw",dlambkinjr
713,lemmetjs@hostgator.com,pG2}eop)sNZ0C,sbevillejs
714,pgartinjt@dmoz.org,sK0{L&TwRYdl,tbrumptonjt
715,wvaseninju@phoca.cz,"hI9*kZM""BN(@&8",slemonnierju
716,gburgessjv@over-blog.com,mZ6.sa)REmm,cgreatbankjv
717,acabrarajw@admin.ch,fZ6.$<!Wb5_pFHnD,jsainsjw
718,cfrowdejx@fc2.com,kL0~/y1$W_,gfeldbaumjx
719,rdoyleyjy@independent.co.uk,wF9)A.Y*Efrc,frosebothamjy
720,jspeermanjz@diigo.com,uJ6{@EL'kZ*{n,tnicholsonjz
721,wharmank0@latimes.com,iO6|~7<dGc'2|%,gmeddickk0
722,ecastellok1@ameblo.jp,dI3$_j63fN.V,cbashfordk1
723,jodonohuek2@globo.com,bT6.+JSg0Ho5$~x,jwastiek2
724,pglusbyk3@wired.com,wI8=E8a/\<,aaggetk3
725,awestropek4@unblog.fr,"hK0@<A,Wt+`r}?h",piacopinik4
726,mseabrookk5@gnu.org,wN5(gxibw},agillcristk5
727,sgreasonk6@com.com,zN8.|OjOB,lprestigek6
728,akitsonk7@nba.com,"wX5!F1!}~FX"".`",cmccrillisk7
729,fhalpink8@marketwatch.com,bF7@+dyCz(m,atimmsk8
730,ksultanak9@rambler.ru,uC9?6L>3gm1Eu4,lbennenk9
731,asummerellka@cisco.com,cX8%7IU>(<,aginnaneka
732,cbouttellkb@behance.net,yK9+\x}T),dbattellekb
733,sbussonskc@bluehost.com,"eZ8|Kf3Gccnx{O,",tgoodshipkc
734,mmcgoonkd@imgur.com,gZ3.>H%gT,eheffordekd
735,kmacnaughtonke@vimeo.com,"jW9,Nd=UEz\Qlg",cseamenke
736,mmoncreiffkf@vistaprint.com,nA5!$XFR1DwBgDYG,lduxfieldkf
737,ayaknovkg@youtu.be,tD7?c2aix,ilehrerkg
738,bchadburnkh@goo.gl,"mL3>txN?@""Kq.IO",cgladstonekh
739,emountneyki@oaic.gov.au,qT0#=88!6dheX,tspowartki
740,dmuffkj@dagondesign.com,"bQ8""}ts9\qj",pdellerkj
741,balywenkk@desdev.cn,cW4%ifME}~?,hhickissonkk
742,hovendalekl@rambler.ru,"jJ1#'nCB),7t",ahardemankl
743,aseedmankm@w3.org,qN6.z/ALcN,eswyersexeykm
744,dmarkwellkn@soundcloud.com,wC6%\9.r,fjarretkn
745,lbrookesbieko@sohu.com,tD8/jy&IBV>t,sgottsko
746,earmatagekp@github.com,"hP0""D`EPK\3.mq",ecowleykp
747,amindenhallkq@zimbio.com,mL7%tf=D>),mmeedendorpekq
748,choltawaykr@de.vu,eQ3<j`JeciAPL,adifilippokr
749,lfaasks@bigcartel.com,nN9@>/3pjS`YQqJ,jarnaldyks
750,fmcgowkt@vinaora.com,"vL3?,/x>yFdr",ocalveykt
751,wwalshku@topsy.com,rN9'0vX@.\&rc,lbresnerku
752,smarchingtonkv@mac.com,jP9>'/9yx_<n,atapplykv
753,bsarsonkw@comcast.net,fO0<\J\/PE@)}fc!,cchinakw
754,phelderkx@joomla.org,mN6<Qxc@?Q,apostancekx
755,cbartolettiky@g.co,"fI6""fBoL",ajacklingky
756,bprattykz@huffingtonpost.com,"iP1#Cfqm!,g}?",gsmallskz
757,ltremblettl0@ucoz.com,nQ6+v+6&$l7/||ZD,cpullanl0
758,rferiel1@alibaba.com,oO0*`@BKaxOobj,cbremeyerl1
759,kengehaml2@ucoz.com,oX1'3I`btENk,elethaml2
760,nlivettl3@wikipedia.org,"wZ3{l""ik+sd",plangridgel3
761,lrzehorzl4@ox.ac.uk,vA0=x85}'2.!xmh,aseatonl4
762,jfarnalll5@a8.net,kJ8&VOAWBMtRdR9,tdawl5
763,acharplingl6@si.edu,rP0|NS='NS,mlaythaml6
764,jmaclainel7@google.com.br,mP6/9!SqORg,vmayowl7
765,mleiferl8@columbia.edu,kZ8=!QaugO,jlentonl8
766,kguiverl9@linkedin.com,oJ9}KEJRJ%J6!?{,bwortersl9
767,fbackhurstla@oracle.com,"zC7""<d.3",hgrosvenorla
768,sfolkeslb@washingtonpost.com,bY3(.c's?v),wrudolflb
769,kchipmanlc@goo.gl,xH0?di{6j(G,hpiesinglc
770,bbruinemannld@a8.net,xN0_6yOi2,babryld
771,grunchmanle@eepurl.com,cU5|#qEl,jverbeekle
772,bjewsburylf@adobe.com,"bV7/cV""&{2SgI_",kharrelllf
773,glodfordlg@artisteer.com,sV0\LZI4kX|B},lgimbrettlg
774,etrinkwonlh@domainmarket.com,oB5)}u}dz7Ar,vstlegerlh
775,kolahyli@wired.com,jE6&7(v.DQlRbfG,bdebellisli
776,tpaddelllj@squidoo.com,"aN4,R\%Af@NW0(",gkleinmannlj
777,dhonacklk@bluehost.com,"wA7!%,lw",dbastardlk
778,msprosonll@abc.net.au,aY2=aKyc6bQ$I,cparrenll
779,cstentifordlm@163.com,nU2)XM>=,anickelllm
780,chukeln@flavors.me,cE3&*DRpiewg<{<,vlownieln
781,cclemmensenlo@dagondesign.com,cC1\%$wm8!5,yguildlo
782,dperllp@admin.ch,iT1}wgLJWQVj*>Ag,hwarenlp
783,elammielq@go.com,kF2/pM*A}f(%EEg,jrookeslq
784,ccarvilllr@miibeian.gov.cn,lW6{U>n=+,adigginsonlr
785,yfetterls@mysql.com,"yW8}8Vt,#J",fdigmanls
786,rdrinkalllt@ebay.com,zV7\~%qls,eivettslt
787,cmolineauxlu@cam.ac.uk,nE3?3sG*QPvgjW,eianizzilu
788,bwilberlv@weebly.com,zU8`9iZI0@eO=\Z,kvescovinilv
789,cmostonlw@sourceforge.net,"dD4""i|&gKl9.Apk",lbewlw
790,eruzickalx@barnesandnoble.com,zL6#pxoC,omcneilleylx
791,jshinglerly@ifeng.com,yA7)5JsS.e}{Oz+Q,abirkwoodly
792,ajendrassiklz@buzzfeed.com,iK3\6e#CuEN,hsymoneslz
793,ksodorm0@sitemeter.com,xB2>_xa{W|,lmccorrym0
794,hkrzyzaniakm1@lycos.com,tK2)v'fg6M967,aglasebrookm1
795,gmarchbankm2@tripadvisor.com,tO0<%aiTZp4+f2pV,nbabonm2
796,rgapperm3@wordpress.org,hT8@%0NfJdo,tsvanettim3
797,kguerrerum4@yandex.ru,"yF1&=_,L",jlinem4
798,abinderm5@goo.gl,dA4/QZ4Ju(9oX`&,dderlem5
799,frutherforthm6@baidu.com,"aN3*'r%s7fMl/"".",rcarrettm6
800,hmacclaym7@omniture.com,aA1~dYAgXg4erVs,zweblandm7
801,adopsonm8@mit.edu,cL7.K`x@Zlq*,ctaphousem8
802,bghidettim9@ucla.edu,fS7~&~tgRv?su,cjuniferm9
803,mgallamorema@discuz.net,"sH0{X~VXuIt>,",nwhittinghamma
804,rivanuschkamb@nifty.com,dI1$}3{Z'/v,jtewelsonmb
805,pledgardmc@hud.gov,sD3&P7a?w&{jR@,gtapsonmc
806,dristmd@diigo.com,"zA6,G3(2u3J0|~nZ",wlanghornemd
807,kerswellme@soup.io,vG0*t@K..#?mK.,ahearseme
808,mhadlingtonmf@biblegateway.com,vY9<)dt*MM|B,gtothacotmf
809,nmccowanmg@abc.net.au,bE2/u(W7C~/f,arennlesmg
810,zbouldonmh@github.io,dV5(3?UkA},ebarfordmh
811,mcoilsmi@narod.ru,kI9}PU.cGr}iX,asavourymi
812,rcolinmj@miitbeian.gov.cn,nB8(z_15r!P.PhYE,bmalonemj
813,tabbatemk@lycos.com,xN8!DxK}35,cgiovannonimk
814,ecutressml@clickbank.net,"eV4)""G'4ct",iphilcoxml
815,aarundelmm@cisco.com,sX0!LGMyZm,ddaytonmm
816,egerhtsmn@reference.com,sJ1)F6WYB_Phova,jtyndallmn
817,sgalpinmo@wsj.com,"aO6(BY.,yb%",hoflahertymo
818,ehalfhydemp@tinyurl.com,tF9}@t%~jv,afavelmp
819,normstonmq@clickbank.net,wX0~3cSwf,stebbitmq
820,arubinszteinmr@npr.org,"sI0/oT""sNcIplv+/",lcorneymr
821,ccivitilloms@jimdo.com,iE7<s?@%e!\,mmckirtonms
822,ckienlmt@go.com,"gG1@wtv$5x4p,2L",shazeldenmt
823,ndemendozamu@netvibes.com,hQ1+eh/uF,fgoulbornemu
824,diliffmv@nature.com,vM1)Q!`|yIA'Xbl,mampsmv
825,fkimbellmw@xrea.com,mK6\)K!)7T,hmatthismw
826,mtanswellmx@ning.com,"iG7,2?>H)Z`keXz%",lgeorgemx
827,kskethmy@buzzfeed.com,mZ4&4ByO%,rdoymy
828,rpostonmz@state.tx.us,pP2`lg$}zNU,lsidebottommz
829,amaryottn0@printfriendly.com,nK3$3IrBv+YC,cvenmoren0
830,mkelledyn1@google.fr,"eL9""|ZKrTExHG@",theadingsn1
831,jdecourceyn2@toplist.cz,dH9>UIjdx)tuP9P),rgodlemann2
832,wleacockn3@bandcamp.com,sS9}4Lf?GV(n.T04,eproudmann3
833,ygillespeyn4@apple.com,aC4<GXwb,mlavrinovn4
834,emeesonn5@omniture.com,dN4`m_i_,tobraddenn5
835,tplacstonen6@netscape.com,bJ0/NaOaR!f,amaysn6
836,ctroutn7@ox.ac.uk,fG7)tKjF4,hthormannn7
837,gleggn8@merriam-webster.com,tP9>A!sThc)1mqH|,srawstronn8
838,dbodycomben9@gravatar.com,iU1+{l6?*GF3Gjb,mcorpen9
839,besselna@imgur.com,xP3#<.6)F@~Q,bbrogdenna
840,ebulbrooknb@parallels.com,zH4!SQSx9#xuaOo,kosgarnb
841,shargravesnc@reddit.com,aF5+tzCM,bkrolaknc
842,ncappsnd@pen.io,"bI0(c82T)f0G,\vS",lcianind
843,wkarppine@theglobeandmail.com,jU3+}20#y1HHT8,tweinbergne
844,scordernf@pen.io,sJ9&s|14MvSuW,slangfatnf
845,lgudgeonng@free.fr,"gS5$,t(MHmD_",sbucklerng
846,estickensnh@uol.com.br,sU6>g8i`<,rwhitwoodnh
847,phrihorovichni@g.co,vV2(ZNOa=?s5FpGq,pheathwoodni
848,nwrightnj@telegraph.co.uk,"bN8}R+J~ev6""D",oscrivenernj
849,scoppocknk@huffingtonpost.com,pQ3!.pX{&h?z5%,vfarfullnk
850,marpnl@trellian.com,"pT1=$c,9b%Hyb",dpittsnl
851,ljutsonnm@mayoclinic.com,jK4|u}HdFiWEf6,hchislettnm
852,gmurrthumnn@deviantart.com,pK9_\BuViUBD}/9y,pstorernn
853,nmussaredno@free.fr,fC5>kRH#t2,hbroadnickeno
854,nharrodnp@answers.com,"fX5""3_FIB",darnfieldnp
855,mhavisnq@java.com,wY1}L=f`Y(,enorthbridgenq
856,kcrowcombenr@adobe.com,aT6_x2_s$z'u,lericssonnr
857,nschubbertns@webnode.com,kZ5{D{ajn_l~AM,handriolins
858,tcharlotnt@free.fr,gQ2+}'tC=KpC!#,gwitcombnt
859,zrosparsnu@qq.com,aF3_nAhPj,kpurkisnu
860,gmattecotnv@aol.com,"zJ6$k,0lP54Wg",jjeffcocknv
861,tmcnelisnw@va.gov,gM5>=jGb,cbrendenw
862,fseebertnx@qq.com,pZ0'XR16Egv4,gcrumnx
863,amoxsonny@google.ca,lZ2|Wz6OU),acoverdillny
864,ldrewsnz@java.com,bI4=VbTVk,laskawnz
865,htestino0@google.ca,sB1?/|7p8>{|,kcronino0
866,fgaythwaiteo1@wired.com,aI8/y'I=?,nkalkofeno1
867,dtucknotto2@indiegogo.com,"cS6*zlIjl,Ny2fZ",soldroydo2
868,sexrollo3@wikispaces.com,"pS2,dRBa%2`A",jletertreo3
869,tkuliso4@loc.gov,nH8.<x\vdZl7n1,gogradyo4
870,acarlileo5@is.gd,zN5/BTwpJno%`+F`,siliffo5
871,tstlegero6@newsvine.com,"fL2~71j2,.BEd,Q",wjaneckio6
872,vjellardo7@cisco.com,qH6`rj<#9h~_23Yy,phunno7
873,lspraggono8@reference.com,"zG3""c+zT(*+?l@tq",dstainso8
874,bcorno9@ucla.edu,gC2>5u2nrgFU,rsloto9
875,edeeroa@squarespace.com,gN1<m|Bm6,sklishinoa
876,hkendalob@odnoklassniki.ru,sY1#RlV`/Fx,rlilbourneob
877,vbrasneroc@google.fr,bY1\Kq0Q,ldumbltonoc
878,mcarvilleod@prweb.com,eS3|%+re=,abeethamod
879,nbensleyoe@seesaa.net,"mZ5}z5a8""BoW",iandreassonoe
880,apurkisof@chicagotribune.com,pT4\LW<j}18V,bcomstyof
881,lyappog@alibaba.com,lX3*'38bE<gP,zyacobog
882,wshelmerdineoh@forbes.com,"gM0~4b,0qxFP",plenneyoh
883,rsteptooi@dot.gov,bU1*08cBP,lpatkinoi
884,dumplebyoj@moonfruit.com,kC5)1.S\XItz,hortsoj
885,gmartynikhinok@ft.com,hD3#1=MM$mM?,emingardok
886,ledlerol@slideshare.net,jX3&nBm)+W2&>K4{,zclerkol
887,lhegdenom@sciencedirect.com,zU9$)AWwe/H,ldimondom
888,hmckirtonon@about.com,tN4{hMIZ,mplumptreon
889,apratonoo@creativecommons.org,pS9)=EASl,hcayleyoo
890,skenchingtonop@google.cn,dQ8@+Bkr?%AWW,mmaffiaop
891,kchisnelloq@sbwire.com,dW4(q925{b,esaffinoq
892,ireardenor@blogger.com,"wP8(N,sWJ",arobusor
893,mknappenos@slate.com,sX2&dK<sQf5f,amuirdenos
894,dmundenot@creativecommons.org,jF8(VqDFm'W2%},lbettsot
895,jbattyllou@pcworld.com,"qD9(#=6w*s""i1sa9",emaginnou
896,rmatuszkiewiczov@hao123.com,yJ6|7K~%J=CO1(~,fmcfadzeanov
897,mgiffinow@geocities.jp,cO1{btQ5,jcorsarow
898,asimnerox@newyorker.com,"gI6$7<,(",htaggettox
899,ayakebovitchoy@ifeng.com,hR4)}qLmd9Z,mkarpeoy
900,fkimptonoz@eventbrite.com,kQ1=e=!BP|\\P{4(,sclipshamoz
901,bjamrowiczp0@acquirethisname.com,nF6@{uEW/G)&I,jbraywoodp0
902,acrumbiep1@nbcnews.com,rJ3{BXIl,riuoriop1
903,afewkesp2@symantec.com,lK0)108<LSK{,ajellmanp2
904,hvangeffenp3@webnode.com,"iI2""r\HjCY",mdiboldip3
905,zbeardwellp4@nyu.edu,"gK9,9g8}",amandersonp4
906,gsalwayp5@sbwire.com,"rE3~,|0w0F\G",tflowersp5
907,hguntonp6@miibeian.gov.cn,hD0+#L*IkjT2,vjenckenp6
908,hduddinp7@phpbb.com,"eK8""%~m6UsBG<",mstoddp7
909,lboeterp8@japanpost.jp,dW7/cccAfWbKD5_,usandaverp8
910,gmangeneyp9@answers.com,yJ3+?dcx1J,lgrafomp9
911,klidsterpa@cdc.gov,eK1<mXbCCm8Av7,bmcgoonpa
912,wpossepb@usnews.com,vS9(r?Ef,hharcasepb
913,olusheypc@friendfeed.com,vP0.e\_0(64',wkasepc
914,yheindlepd@cbc.ca,dP5&4+h971{6oTYV,wloaldaypd
915,amcgahernpe@telegraph.co.uk,fS1&\_A~lK,csabatinipe
916,dsimesterpf@alexa.com,uT2&S<fJ#qG+S9,mkindellpf
917,ihackeltonpg@craigslist.org,"vN5{,a6X&G9",sshillabearpg
918,sbabidgeph@chronoengine.com,yY3<vJLz~,sdumbarph
919,jlaurantpi@cloudflare.com,jZ2+BOlRp)2{|~_,lwoofindenpi
920,hharknesspj@wisc.edu,uG7'v}=QDiAPLqc,dmcwilliampj
921,lbryettpk@telegraph.co.uk,xR6!?gPT,bboshierpk
922,ndalgettypl@cisco.com,lM2|$qYHuV,llowderpl
923,brouchypm@nature.com,"hP2}qd""334",hperrypm
924,lurreypn@lycos.com,rI7)F{`{We.hEl,clamsheadpn
925,hdelayglesiapo@kickstarter.com,qC1_EZ0hdH/oeL1,aduredenpo
926,lkentishpp@weebly.com,qR3<H#2A{PVk_+F.,tjaffreypp
927,mneesampq@tinyurl.com,fW7)mhWp,hstratfordpq
928,jproudlovepr@macromedia.com,jC0>IX)F=,lropppr
929,esappps@51.la,pT4/CDdH7/}y,fbraineps
930,kbollonpt@photobucket.com,aT0\|sQZ)$ZDU,eperagopt
931,dklulikpu@stanford.edu,dU1!DF<6\,gdixseepu
932,lsawfordpv@chicagotribune.com,iC3}F2btm,eplessingpv
933,cerridgepw@simplemachines.org,jB5{QmvgKDQ,obrickellpw
934,ccambdenpx@bluehost.com,jH5#t\)M,gwaylenpx
935,bbruckmannpy@ebay.co.uk,yX9%DS@JD&2I@?,mcorssenpy
936,ksabertonpz@discuz.net,uI2<58|gy?p,nheffronpz
937,gdadleyq0@github.com,"aV4,`<$_ESeiM_",sbeechcraftq0
938,bkarelq1@github.com,lK3!!!%G,eiacovazziq1
939,nendleq2@instagram.com,wF0#IJ7bNm~|,vtowrissq2
940,dfelceq3@linkedin.com,"zQ3@t""kzG#'M",arubbensq3
941,skleinplacq4@wordpress.com,"yT7""yqRH/E8$",mduckitq4
942,seslieq5@buzzfeed.com,xW4+HJ0fz<d,lblintq5
943,ajealousq6@dailymail.co.uk,oJ7?.N.l,cpartrickq6
944,kdonanq7@princeton.edu,zI1)yPTOq/bY5(,callberryq7
945,sphilippetq8@sogou.com,"qV6""pP|b&R`~*",hmielnikq8
946,lgrovehamq9@state.gov,nI6>/DtC#OeSJ,djurisq9
947,mseneschalqa@wufoo.com,yK8#LXU7mN,tjanssensqa
948,bwilksqb@engadget.com,pT9+mLEjQ!6d0I,dteckqb
949,fheinemannqc@com.com,vK0$Clj##G/tmQbz,dcorrettqc
950,vstoltzqd@list-manage.com,jZ4`$cj6HF0&9I,cmidnerqd
951,doriginqe@creativecommons.org,"iP9=&_t7""",jchipmanqe
952,hrosbottomqf@theatlantic.com,vX3$QY{_)bhohZc,mperaccoqf
953,adimitrovqg@squarespace.com,lZ9'u&DR%EzUQT,rrennqg
954,aeydenqh@photobucket.com,nH8#Om77?qC,rlaskeyqh
955,gskeemorqi@so-net.ne.jp,pI6/>7Hz/#W,felliottqi
956,cohaireqj@amazon.co.uk,zK6{XYyqB,lhickenbottomqj
957,cbeadesqk@redcross.org,nW3{P_#W!MI$&4s,pyurevichqk
958,tmclauchlinql@stanford.edu,iS5+=CV08R\VeK,pspiritql
959,ikempshallqm@upenn.edu,pZ1#bC1}}Q,hotteyqm
960,kmarkingqn@webmd.com,aF9_Z.@n,mpabelikqn
961,whardmanqo@arstechnica.com,pO2#6\W|g?hU51Pq,rarkcollqo
962,btunnickqp@last.fm,dW1.&0JQ7Et,jcallerqp
963,canthesqq@vk.com,"nM9""b.y@d>",bbunkerqq
964,rmaureenqr@msu.edu,cM5~9gxVVrw,wweberqr
965,sabelovitzqs@tinypic.com,bI5_!=N$E,fcornthwaiteqs
966,ahowenqt@jugem.jp,"sU7,M,i)!{r8",ngowerqt
967,lbrekonridgequ@creativecommons.org,"gN6<g?W<iBtZ!""",joakeyqu
968,akuzemkaqv@pagesperso-orange.fr,jD1$!\X%,abrancheqv
969,jredqw@boston.com,eY5<ny4d#,cmckelvieqw
970,mbowlandsqx@mit.edu,vF9?.t=Pfk5ORi>L,ybonefantqx
971,ylavertyqy@utexas.edu,aT5`KX!O`V<$gvo1,bberceveloqy
972,rscarlanqz@sourceforge.net,"eX4?hd_""f",mmcleishqz
973,bcholwellr0@forbes.com,qO4_N<v>X,shainsworthr0
974,ccromleyr1@i2i.jp,"nH8=)vE`up""'",mbernardir1
975,zgregolir2@php.net,nX6\ePN#d,fhassallr2
976,mvyelr3@opera.com,cF0`3G)KUP,osimunekr3
977,kschulkinsr4@icio.us,rM1)}oFL/U/KR,kbramsomr4
978,amchughr5@adobe.com,wC0=NcojD25',fburfittr5
979,ccoater6@pcworld.com,"jR1*\ps""Cq",cjanuarystr6
980,cweatherellr7@homestead.com,mU8/+?Du?B~yO,aportingaler7
981,bleutyr8@wired.com,pO5(hLLe(q{H7xu$,bcayetter8
982,rcramphornr9@infoseek.co.jp,pR6=8)F$L,lwareingr9
983,gleonardsra@aol.com,nV5|Yjt>oUm2Ot|2,jparrishra
984,hzecchinellirb@cbsnews.com,yD9#dkjP?tIT',dbramwichrb
985,criddifordrc@kickstarter.com,lY3@=<Fl\,rgaltonrc
986,bqualtrord@123-reg.co.uk,tN5<lSo?R5,gstorrahrd
987,dsingersre@devhub.com,gM3~~ZEasBU,tabbysre
988,acattachrf@moonfruit.com,pO9>`qTIfSfGXs,rboageyrf
989,oattkinsrg@canalblog.com,"uM6""/~j}%9",tmurgatroydrg
990,cforthrh@fc2.com,bH2~$Nig`,kbeltonrh
991,bcastrori@istockphoto.com,oK7+POj.?z>RcUQr,swindibankri
992,ifinneyrj@fotki.com,gH6#Ka2cxho/w7vH,capthorperj
993,relsmorerk@chronoengine.com,hF0'>K+LuCmfv2,erighyrk
994,hcolkettrl@geocities.jp,fV7&ScVtg}e,jtourrl
995,wguerrorm@vkontakte.ru,sA5*D\egp}m,kbantockrm
996,tubsdellrn@weibo.com,aY8%1b0s5tEqB0,wkilbanrn
997,bmuldrewro@bloglines.com,qK2\W}yIKct1mX,sbozierro
998,smcclunaghanrp@dell.com,"aR0""3$DT%f9Hy&aO",ebucklandrp
999,lthwaitesrq@salon.com,"kD8,QZ""QWNQSF",otoffolorq
1000,jbutterleyrr@archive.org,"jT2&3t""x",sturbatrr
